Id,#id_txt,Category,StyleNo,ColorNo,GenderTag,JobTags,AssetPathBot,AssetPathTop
21000100,part_skin_c1,Skin,0,1,,,skin/skin_c1.png,
21000200,part_skin_c2,Skin,0,2,,,skin/skin_c2.png,
21000300,part_skin_c3,Skin,0,3,,,skin/skin_c3.png,
21000400,part_skin_c4,Skin,0,4,,,skin/skin_c4.png,
21000500,part_skin_c5,Skin,0,5,,,skin/skin_c5.png,
21000600,part_skin_c6,Skin,0,6,,,skin/skin_c6.png,
22000100,part_face_c1,Face,0,1,,,face/face_c1.png,
22000200,part_face_c2,Face,0,2,,,face/face_c2.png,
22000300,part_face_c3,Face,0,3,,,face/face_c3.png,
22000400,part_face_c4,Face,0,4,,,face/face_c4.png,
22000500,part_face_c5,Face,0,5,,,face/face_c5.png,
22000600,part_face_c6,Face,0,6,,,face/face_c6.png,
22000700,part_face_c7,Face,0,7,,,face/face_c7.png,
23010100,part_hair_m1_c1,Hair,1,1,90200100,,hair/m1/m1_bot/m1_c1_bot.png,hair/m1/m1_top/m1_c1_top.png
23010200,part_hair_m1_c2,Hair,1,2,90200100,,hair/m1/m1_bot/m1_c2_bot.png,hair/m1/m1_top/m1_c2_top.png
23010300,part_hair_m1_c3,Hair,1,3,90200100,,hair/m1/m1_bot/m1_c3_bot.png,hair/m1/m1_top/m1_c3_top.png
23010400,part_hair_m1_c4,Hair,1,4,90200100,,hair/m1/m1_bot/m1_c4_bot.png,hair/m1/m1_top/m1_c4_top.png
23010500,part_hair_m1_c5,Hair,1,5,90200100,,hair/m1/m1_bot/m1_c5_bot.png,hair/m1/m1_top/m1_c5_top.png
23010600,part_hair_m1_c6,Hair,1,6,90200100,,hair/m1/m1_bot/m1_c6_bot.png,hair/m1/m1_top/m1_c6_top.png
23010700,part_hair_m1_c7,Hair,1,7,90200100,,hair/m1/m1_bot/m1_c7_bot.png,hair/m1/m1_top/m1_c7_top.png
23010800,part_hair_m1_c8,Hair,1,8,90200100,,hair/m1/m1_bot/m1_c8_bot.png,hair/m1/m1_top/m1_c8_top.png
23010900,part_hair_m1_c9,Hair,1,9,90200100,,hair/m1/m1_bot/m1_c9_bot.png,hair/m1/m1_top/m1_c9_top.png
23011000,part_hair_m1_c10,Hair,1,10,90200100,,hair/m1/m1_bot/m1_c10_bot.png,hair/m1/m1_top/m1_c10_top.png
23020100,part_hair_m2_c1,Hair,2,1,90200100,,hair/m2/m2_bot/m2_c1_bot.png,hair/m2/m2_top/m2_c1_top.png
23020200,part_hair_m2_c2,Hair,2,2,90200100,,hair/m2/m2_bot/m2_c2_bot.png,hair/m2/m2_top/m2_c2_top.png
23020300,part_hair_m2_c3,Hair,2,3,90200100,,hair/m2/m2_bot/m2_c3_bot.png,hair/m2/m2_top/m2_c3_top.png
23020400,part_hair_m2_c4,Hair,2,4,90200100,,hair/m2/m2_bot/m2_c4_bot.png,hair/m2/m2_top/m2_c4_top.png
23020500,part_hair_m2_c5,Hair,2,5,90200100,,hair/m2/m2_bot/m2_c5_bot.png,hair/m2/m2_top/m2_c5_top.png
23020600,part_hair_m2_c6,Hair,2,6,90200100,,hair/m2/m2_bot/m2_c6_bot.png,hair/m2/m2_top/m2_c6_top.png
23020700,part_hair_m2_c7,Hair,2,7,90200100,,hair/m2/m2_bot/m2_c7_bot.png,hair/m2/m2_top/m2_c7_top.png
23020800,part_hair_m2_c8,Hair,2,8,90200100,,hair/m2/m2_bot/m2_c8_bot.png,hair/m2/m2_top/m2_c8_top.png
23020900,part_hair_m2_c9,Hair,2,9,90200100,,hair/m2/m2_bot/m2_c9_bot.png,hair/m2/m2_top/m2_c9_top.png
23021000,part_hair_m2_c10,Hair,2,10,90200100,,hair/m2/m2_bot/m2_c10_bot.png,hair/m2/m2_top/m2_c10_top.png
23030100,part_hair_m3_c1,Hair,3,1,90200100,,hair/m3/m3_bot/m3_c1_bot.png,hair/m3/m3_top/m3_c1_top.png
23030200,part_hair_m3_c2,Hair,3,2,90200100,,hair/m3/m3_bot/m3_c2_bot.png,hair/m3/m3_top/m3_c2_top.png
23030300,part_hair_m3_c3,Hair,3,3,90200100,,hair/m3/m3_bot/m3_c3_bot.png,hair/m3/m3_top/m3_c3_top.png
23030400,part_hair_m3_c4,Hair,3,4,90200100,,hair/m3/m3_bot/m3_c4_bot.png,hair/m3/m3_top/m3_c4_top.png
23030500,part_hair_m3_c5,Hair,3,5,90200100,,hair/m3/m3_bot/m3_c5_bot.png,hair/m3/m3_top/m3_c5_top.png
23030600,part_hair_m3_c6,Hair,3,6,90200100,,hair/m3/m3_bot/m3_c6_bot.png,hair/m3/m3_top/m3_c6_top.png
23030700,part_hair_m3_c7,Hair,3,7,90200100,,hair/m3/m3_bot/m3_c7_bot.png,hair/m3/m3_top/m3_c7_top.png
23030800,part_hair_m3_c8,Hair,3,8,90200100,,hair/m3/m3_bot/m3_c8_bot.png,hair/m3/m3_top/m3_c8_top.png
23030900,part_hair_m3_c9,Hair,3,9,90200100,,hair/m3/m3_bot/m3_c9_bot.png,hair/m3/m3_top/m3_c9_top.png
23031000,part_hair_m3_c10,Hair,3,10,90200100,,hair/m3/m3_bot/m3_c10_bot.png,hair/m3/m3_top/m3_c10_top.png
23040100,part_hair_m4_c1,Hair,4,1,90200100,,hair/m4/m4_bot/m4_c1_bot.png,hair/m4/m4_top/m4_c1_top.png
23040200,part_hair_m4_c2,Hair,4,2,90200100,,hair/m4/m4_bot/m4_c2_bot.png,hair/m4/m4_top/m4_c2_top.png
23040300,part_hair_m4_c3,Hair,4,3,90200100,,hair/m4/m4_bot/m4_c3_bot.png,hair/m4/m4_top/m4_c3_top.png
23040400,part_hair_m4_c4,Hair,4,4,90200100,,hair/m4/m4_bot/m4_c4_bot.png,hair/m4/m4_top/m4_c4_top.png
23040500,part_hair_m4_c5,Hair,4,5,90200100,,hair/m4/m4_bot/m4_c5_bot.png,hair/m4/m4_top/m4_c5_top.png
23040600,part_hair_m4_c6,Hair,4,6,90200100,,hair/m4/m4_bot/m4_c6_bot.png,hair/m4/m4_top/m4_c6_top.png
23040700,part_hair_m4_c7,Hair,4,7,90200100,,hair/m4/m4_bot/m4_c7_bot.png,hair/m4/m4_top/m4_c7_top.png
23040800,part_hair_m4_c8,Hair,4,8,90200100,,hair/m4/m4_bot/m4_c8_bot.png,hair/m4/m4_top/m4_c8_top.png
23040900,part_hair_m4_c9,Hair,4,9,90200100,,hair/m4/m4_bot/m4_c9_bot.png,hair/m4/m4_top/m4_c9_top.png
23041000,part_hair_m4_c10,Hair,4,10,90200100,,hair/m4/m4_bot/m4_c10_bot.png,hair/m4/m4_top/m4_c10_top.png
23050100,part_hair_m5_c1,Hair,5,1,90200100,,hair/m5/m5_bot/m5_c1_bot.png,hair/m5/m5_top/m5_c1_top.png
23050200,part_hair_m5_c2,Hair,5,2,90200100,,hair/m5/m5_bot/m5_c2_bot.png,hair/m5/m5_top/m5_c2_top.png
23050300,part_hair_m5_c3,Hair,5,3,90200100,,hair/m5/m5_bot/m5_c3_bot.png,hair/m5/m5_top/m5_c3_top.png
23050400,part_hair_m5_c4,Hair,5,4,90200100,,hair/m5/m5_bot/m5_c4_bot.png,hair/m5/m5_top/m5_c4_top.png
23050500,part_hair_m5_c5,Hair,5,5,90200100,,hair/m5/m5_bot/m5_c5_bot.png,hair/m5/m5_top/m5_c5_top.png
23050600,part_hair_m5_c6,Hair,5,6,90200100,,hair/m5/m5_bot/m5_c6_bot.png,hair/m5/m5_top/m5_c6_top.png
23050700,part_hair_m5_c7,Hair,5,7,90200100,,hair/m5/m5_bot/m5_c7_bot.png,hair/m5/m5_top/m5_c7_top.png
23050800,part_hair_m5_c8,Hair,5,8,90200100,,hair/m5/m5_bot/m5_c8_bot.png,hair/m5/m5_top/m5_c8_top.png
23050900,part_hair_m5_c9,Hair,5,9,90200100,,hair/m5/m5_bot/m5_c9_bot.png,hair/m5/m5_top/m5_c9_top.png
23051000,part_hair_m5_c10,Hair,5,10,90200100,,hair/m5/m5_bot/m5_c10_bot.png,hair/m5/m5_top/m5_c10_top.png
23060100,part_hair_m6_c1,Hair,6,1,90200100,,hair/m6/m6_bot/m6_c1_bot.png,hair/m6/m6_top/m6_c1_top.png
23060200,part_hair_m6_c2,Hair,6,2,90200100,,hair/m6/m6_bot/m6_c2_bot.png,hair/m6/m6_top/m6_c2_top.png
23060300,part_hair_m6_c3,Hair,6,3,90200100,,hair/m6/m6_bot/m6_c3_bot.png,hair/m6/m6_top/m6_c3_top.png
23060400,part_hair_m6_c4,Hair,6,4,90200100,,hair/m6/m6_bot/m6_c4_bot.png,hair/m6/m6_top/m6_c4_top.png
23060500,part_hair_m6_c5,Hair,6,5,90200100,,hair/m6/m6_bot/m6_c5_bot.png,hair/m6/m6_top/m6_c5_top.png
23060600,part_hair_m6_c6,Hair,6,6,90200100,,hair/m6/m6_bot/m6_c6_bot.png,hair/m6/m6_top/m6_c6_top.png
23060700,part_hair_m6_c7,Hair,6,7,90200100,,hair/m6/m6_bot/m6_c7_bot.png,hair/m6/m6_top/m6_c7_top.png
23060800,part_hair_m6_c8,Hair,6,8,90200100,,hair/m6/m6_bot/m6_c8_bot.png,hair/m6/m6_top/m6_c8_top.png
23060900,part_hair_m6_c9,Hair,6,9,90200100,,hair/m6/m6_bot/m6_c9_bot.png,hair/m6/m6_top/m6_c9_top.png
23061000,part_hair_m6_c10,Hair,6,10,90200100,,hair/m6/m6_bot/m6_c10_bot.png,hair/m6/m6_top/m6_c10_top.png
23070100,part_hair_m7_c1,Hair,7,1,90200100,,hair/m7/m7_bot/m7_c1_bot.png,hair/m7/m7_top/m7_c1_top.png
23070200,part_hair_m7_c2,Hair,7,2,90200100,,hair/m7/m7_bot/m7_c2_bot.png,hair/m7/m7_top/m7_c2_top.png
23070300,part_hair_m7_c3,Hair,7,3,90200100,,hair/m7/m7_bot/m7_c3_bot.png,hair/m7/m7_top/m7_c3_top.png
23070400,part_hair_m7_c4,Hair,7,4,90200100,,hair/m7/m7_bot/m7_c4_bot.png,hair/m7/m7_top/m7_c4_top.png
23070500,part_hair_m7_c5,Hair,7,5,90200100,,hair/m7/m7_bot/m7_c5_bot.png,hair/m7/m7_top/m7_c5_top.png
23070600,part_hair_m7_c6,Hair,7,6,90200100,,hair/m7/m7_bot/m7_c6_bot.png,hair/m7/m7_top/m7_c6_top.png
23070700,part_hair_m7_c7,Hair,7,7,90200100,,hair/m7/m7_bot/m7_c7_bot.png,hair/m7/m7_top/m7_c7_top.png
23070800,part_hair_m7_c8,Hair,7,8,90200100,,hair/m7/m7_bot/m7_c8_bot.png,hair/m7/m7_top/m7_c8_top.png
23070900,part_hair_m7_c9,Hair,7,9,90200100,,hair/m7/m7_bot/m7_c9_bot.png,hair/m7/m7_top/m7_c9_top.png
23071000,part_hair_m7_c10,Hair,7,10,90200100,,hair/m7/m7_bot/m7_c10_bot.png,hair/m7/m7_top/m7_c10_top.png
23080100,part_hair_m8_c1,Hair,8,1,90200100,,hair/m8/m8_bot/m8_c1_bot.png,hair/m8/m8_top/m8_c1_top.png
23080200,part_hair_m8_c2,Hair,8,2,90200100,,hair/m8/m8_bot/m8_c2_bot.png,hair/m8/m8_top/m8_c2_top.png
23080300,part_hair_m8_c3,Hair,8,3,90200100,,hair/m8/m8_bot/m8_c3_bot.png,hair/m8/m8_top/m8_c3_top.png
23080400,part_hair_m8_c4,Hair,8,4,90200100,,hair/m8/m8_bot/m8_c4_bot.png,hair/m8/m8_top/m8_c4_top.png
23080500,part_hair_m8_c5,Hair,8,5,90200100,,hair/m8/m8_bot/m8_c5_bot.png,hair/m8/m8_top/m8_c5_top.png
23080600,part_hair_m8_c6,Hair,8,6,90200100,,hair/m8/m8_bot/m8_c6_bot.png,hair/m8/m8_top/m8_c6_top.png
23080700,part_hair_m8_c7,Hair,8,7,90200100,,hair/m8/m8_bot/m8_c7_bot.png,hair/m8/m8_top/m8_c7_top.png
23080800,part_hair_m8_c8,Hair,8,8,90200100,,hair/m8/m8_bot/m8_c8_bot.png,hair/m8/m8_top/m8_c8_top.png
23080900,part_hair_m8_c9,Hair,8,9,90200100,,hair/m8/m8_bot/m8_c9_bot.png,hair/m8/m8_top/m8_c9_top.png
23081000,part_hair_m8_c10,Hair,8,10,90200100,,hair/m8/m8_bot/m8_c10_bot.png,hair/m8/m8_top/m8_c10_top.png
23090100,part_hair_m9_c1,Hair,9,1,90200100,,hair/m9/m9_bot/m9_c1_bot.png,hair/m9/m9_top/m9_c1_top.png
23090200,part_hair_m9_c2,Hair,9,2,90200100,,hair/m9/m9_bot/m9_c2_bot.png,hair/m9/m9_top/m9_c2_top.png
23090300,part_hair_m9_c3,Hair,9,3,90200100,,hair/m9/m9_bot/m9_c3_bot.png,hair/m9/m9_top/m9_c3_top.png
23090400,part_hair_m9_c4,Hair,9,4,90200100,,hair/m9/m9_bot/m9_c4_bot.png,hair/m9/m9_top/m9_c4_top.png
23090500,part_hair_m9_c5,Hair,9,5,90200100,,hair/m9/m9_bot/m9_c5_bot.png,hair/m9/m9_top/m9_c5_top.png
23090600,part_hair_m9_c6,Hair,9,6,90200100,,hair/m9/m9_bot/m9_c6_bot.png,hair/m9/m9_top/m9_c6_top.png
23090700,part_hair_m9_c7,Hair,9,7,90200100,,hair/m9/m9_bot/m9_c7_bot.png,hair/m9/m9_top/m9_c7_top.png
23090800,part_hair_m9_c8,Hair,9,8,90200100,,hair/m9/m9_bot/m9_c8_bot.png,hair/m9/m9_top/m9_c8_top.png
23090900,part_hair_m9_c9,Hair,9,9,90200100,,hair/m9/m9_bot/m9_c9_bot.png,hair/m9/m9_top/m9_c9_top.png
23091000,part_hair_m9_c10,Hair,9,10,90200100,,hair/m9/m9_bot/m9_c10_bot.png,hair/m9/m9_top/m9_c10_top.png
23100100,part_hair_m10_c1,Hair,10,1,90200100,,hair/m10/m10_bot/m10_c1_bot.png,hair/m10/m10_top/m10_c1_top.png
23100200,part_hair_m10_c2,Hair,10,2,90200100,,hair/m10/m10_bot/m10_c2_bot.png,hair/m10/m10_top/m10_c2_top.png
23100300,part_hair_m10_c3,Hair,10,3,90200100,,hair/m10/m10_bot/m10_c3_bot.png,hair/m10/m10_top/m10_c3_top.png
23100400,part_hair_m10_c4,Hair,10,4,90200100,,hair/m10/m10_bot/m10_c4_bot.png,hair/m10/m10_top/m10_c4_top.png
23100500,part_hair_m10_c5,Hair,10,5,90200100,,hair/m10/m10_bot/m10_c5_bot.png,hair/m10/m10_top/m10_c5_top.png
23100600,part_hair_m10_c6,Hair,10,6,90200100,,hair/m10/m10_bot/m10_c6_bot.png,hair/m10/m10_top/m10_c6_top.png
23100700,part_hair_m10_c7,Hair,10,7,90200100,,hair/m10/m10_bot/m10_c7_bot.png,hair/m10/m10_top/m10_c7_top.png
23100800,part_hair_m10_c8,Hair,10,8,90200100,,hair/m10/m10_bot/m10_c8_bot.png,hair/m10/m10_top/m10_c8_top.png
23100900,part_hair_m10_c9,Hair,10,9,90200100,,hair/m10/m10_bot/m10_c9_bot.png,hair/m10/m10_top/m10_c9_top.png
23101000,part_hair_m10_c10,Hair,10,10,90200100,,hair/m10/m10_bot/m10_c10_bot.png,hair/m10/m10_top/m10_c10_top.png
23110100,part_hair_m11_c1,Hair,11,1,90200100,,hair/m11/m11_bot/m11_c1_bot.png,hair/m11/m11_top/m11_c1_top.png
23110200,part_hair_m11_c2,Hair,11,2,90200100,,hair/m11/m11_bot/m11_c2_bot.png,hair/m11/m11_top/m11_c2_top.png
23110300,part_hair_m11_c3,Hair,11,3,90200100,,hair/m11/m11_bot/m11_c3_bot.png,hair/m11/m11_top/m11_c3_top.png
23110400,part_hair_m11_c4,Hair,11,4,90200100,,hair/m11/m11_bot/m11_c4_bot.png,hair/m11/m11_top/m11_c4_top.png
23110500,part_hair_m11_c5,Hair,11,5,90200100,,hair/m11/m11_bot/m11_c5_bot.png,hair/m11/m11_top/m11_c5_top.png
23110600,part_hair_m11_c6,Hair,11,6,90200100,,hair/m11/m11_bot/m11_c6_bot.png,hair/m11/m11_top/m11_c6_top.png
23110700,part_hair_m11_c7,Hair,11,7,90200100,,hair/m11/m11_bot/m11_c7_bot.png,hair/m11/m11_top/m11_c7_top.png
23110800,part_hair_m11_c8,Hair,11,8,90200100,,hair/m11/m11_bot/m11_c8_bot.png,hair/m11/m11_top/m11_c8_top.png
23110900,part_hair_m11_c9,Hair,11,9,90200100,,hair/m11/m11_bot/m11_c9_bot.png,hair/m11/m11_top/m11_c9_top.png
23111000,part_hair_m11_c10,Hair,11,10,90200100,,hair/m11/m11_bot/m11_c10_bot.png,hair/m11/m11_top/m11_c10_top.png
23120100,part_hair_m12_c1,Hair,12,1,90200100,,hair/m12/m12_bot/m12_c1_bot.png,hair/m12/m12_top/m12_c1_top.png
23120200,part_hair_m12_c2,Hair,12,2,90200100,,hair/m12/m12_bot/m12_c2_bot.png,hair/m12/m12_top/m12_c2_top.png
23120300,part_hair_m12_c3,Hair,12,3,90200100,,hair/m12/m12_bot/m12_c3_bot.png,hair/m12/m12_top/m12_c3_top.png
23120400,part_hair_m12_c4,Hair,12,4,90200100,,hair/m12/m12_bot/m12_c4_bot.png,hair/m12/m12_top/m12_c4_top.png
23120500,part_hair_m12_c5,Hair,12,5,90200100,,hair/m12/m12_bot/m12_c5_bot.png,hair/m12/m12_top/m12_c5_top.png
23120600,part_hair_m12_c6,Hair,12,6,90200100,,hair/m12/m12_bot/m12_c6_bot.png,hair/m12/m12_top/m12_c6_top.png
23120700,part_hair_m12_c7,Hair,12,7,90200100,,hair/m12/m12_bot/m12_c7_bot.png,hair/m12/m12_top/m12_c7_top.png
23120800,part_hair_m12_c8,Hair,12,8,90200100,,hair/m12/m12_bot/m12_c8_bot.png,hair/m12/m12_top/m12_c8_top.png
23120900,part_hair_m12_c9,Hair,12,9,90200100,,hair/m12/m12_bot/m12_c9_bot.png,hair/m12/m12_top/m12_c9_top.png
23121000,part_hair_m12_c10,Hair,12,10,90200100,,hair/m12/m12_bot/m12_c10_bot.png,hair/m12/m12_top/m12_c10_top.png
23130100,part_hair_m13_c1,Hair,13,1,90200100,,hair/m13/m13_bot/m13_c1_bot.png,hair/m13/m13_top/m13_c1_top.png
23130200,part_hair_m13_c2,Hair,13,2,90200100,,hair/m13/m13_bot/m13_c2_bot.png,hair/m13/m13_top/m13_c2_top.png
23130300,part_hair_m13_c3,Hair,13,3,90200100,,hair/m13/m13_bot/m13_c3_bot.png,hair/m13/m13_top/m13_c3_top.png
23130400,part_hair_m13_c4,Hair,13,4,90200100,,hair/m13/m13_bot/m13_c4_bot.png,hair/m13/m13_top/m13_c4_top.png
23130500,part_hair_m13_c5,Hair,13,5,90200100,,hair/m13/m13_bot/m13_c5_bot.png,hair/m13/m13_top/m13_c5_top.png
23130600,part_hair_m13_c6,Hair,13,6,90200100,,hair/m13/m13_bot/m13_c6_bot.png,hair/m13/m13_top/m13_c6_top.png
23130700,part_hair_m13_c7,Hair,13,7,90200100,,hair/m13/m13_bot/m13_c7_bot.png,hair/m13/m13_top/m13_c7_top.png
23130800,part_hair_m13_c8,Hair,13,8,90200100,,hair/m13/m13_bot/m13_c8_bot.png,hair/m13/m13_top/m13_c8_top.png
23130900,part_hair_m13_c9,Hair,13,9,90200100,,hair/m13/m13_bot/m13_c9_bot.png,hair/m13/m13_top/m13_c9_top.png
23131000,part_hair_m13_c10,Hair,13,10,90200100,,hair/m13/m13_bot/m13_c10_bot.png,hair/m13/m13_top/m13_c10_top.png
23140100,part_hair_m14_c1,Hair,14,1,90200100,,hair/m14/m14_bot/m14_c1_bot.png,hair/m14/m14_top/m14_c1_top.png
23140200,part_hair_m14_c2,Hair,14,2,90200100,,hair/m14/m14_bot/m14_c2_bot.png,hair/m14/m14_top/m14_c2_top.png
23140300,part_hair_m14_c3,Hair,14,3,90200100,,hair/m14/m14_bot/m14_c3_bot.png,hair/m14/m14_top/m14_c3_top.png
23140400,part_hair_m14_c4,Hair,14,4,90200100,,hair/m14/m14_bot/m14_c4_bot.png,hair/m14/m14_top/m14_c4_top.png
23140500,part_hair_m14_c5,Hair,14,5,90200100,,hair/m14/m14_bot/m14_c5_bot.png,hair/m14/m14_top/m14_c5_top.png
23140600,part_hair_m14_c6,Hair,14,6,90200100,,hair/m14/m14_bot/m14_c6_bot.png,hair/m14/m14_top/m14_c6_top.png
23140700,part_hair_m14_c7,Hair,14,7,90200100,,hair/m14/m14_bot/m14_c7_bot.png,hair/m14/m14_top/m14_c7_top.png
23140800,part_hair_m14_c8,Hair,14,8,90200100,,hair/m14/m14_bot/m14_c8_bot.png,hair/m14/m14_top/m14_c8_top.png
23140900,part_hair_m14_c9,Hair,14,9,90200100,,hair/m14/m14_bot/m14_c9_bot.png,hair/m14/m14_top/m14_c9_top.png
23141000,part_hair_m14_c10,Hair,14,10,90200100,,hair/m14/m14_bot/m14_c10_bot.png,hair/m14/m14_top/m14_c10_top.png
23150100,part_hair_f1_c1,Hair,15,1,90200200,,hair/f1/f1_bot/f1_c1_bot.png,hair/f1/f1_top/f1_c1_top.png
23150200,part_hair_f1_c2,Hair,15,2,90200200,,hair/f1/f1_bot/f1_c2_bot.png,hair/f1/f1_top/f1_c2_top.png
23150300,part_hair_f1_c3,Hair,15,3,90200200,,hair/f1/f1_bot/f1_c3_bot.png,hair/f1/f1_top/f1_c3_top.png
23150400,part_hair_f1_c4,Hair,15,4,90200200,,hair/f1/f1_bot/f1_c4_bot.png,hair/f1/f1_top/f1_c4_top.png
23150500,part_hair_f1_c5,Hair,15,5,90200200,,hair/f1/f1_bot/f1_c5_bot.png,hair/f1/f1_top/f1_c5_top.png
23150600,part_hair_f1_c6,Hair,15,6,90200200,,hair/f1/f1_bot/f1_c6_bot.png,hair/f1/f1_top/f1_c6_top.png
23150700,part_hair_f1_c7,Hair,15,7,90200200,,hair/f1/f1_bot/f1_c7_bot.png,hair/f1/f1_top/f1_c7_top.png
23150800,part_hair_f1_c8,Hair,15,8,90200200,,hair/f1/f1_bot/f1_c8_bot.png,hair/f1/f1_top/f1_c8_top.png
23150900,part_hair_f1_c9,Hair,15,9,90200200,,hair/f1/f1_bot/f1_c9_bot.png,hair/f1/f1_top/f1_c9_top.png
23151000,part_hair_f1_c10,Hair,15,10,90200200,,hair/f1/f1_bot/f1_c10_bot.png,hair/f1/f1_top/f1_c10_top.png
23160100,part_hair_f2_c1,Hair,16,1,90200200,,hair/f2/f2_bot/f2_c1_bot.png,hair/f2/f2_top/f2_c1_top.png
23160200,part_hair_f2_c2,Hair,16,2,90200200,,hair/f2/f2_bot/f2_c2_bot.png,hair/f2/f2_top/f2_c2_top.png
23160300,part_hair_f2_c3,Hair,16,3,90200200,,hair/f2/f2_bot/f2_c3_bot.png,hair/f2/f2_top/f2_c3_top.png
23160400,part_hair_f2_c4,Hair,16,4,90200200,,hair/f2/f2_bot/f2_c4_bot.png,hair/f2/f2_top/f2_c4_top.png
23160500,part_hair_f2_c5,Hair,16,5,90200200,,hair/f2/f2_bot/f2_c5_bot.png,hair/f2/f2_top/f2_c5_top.png
23160600,part_hair_f2_c6,Hair,16,6,90200200,,hair/f2/f2_bot/f2_c6_bot.png,hair/f2/f2_top/f2_c6_top.png
23160700,part_hair_f2_c7,Hair,16,7,90200200,,hair/f2/f2_bot/f2_c7_bot.png,hair/f2/f2_top/f2_c7_top.png
23160800,part_hair_f2_c8,Hair,16,8,90200200,,hair/f2/f2_bot/f2_c8_bot.png,hair/f2/f2_top/f2_c8_top.png
23160900,part_hair_f2_c9,Hair,16,9,90200200,,hair/f2/f2_bot/f2_c9_bot.png,hair/f2/f2_top/f2_c9_top.png
23161000,part_hair_f2_c10,Hair,16,10,90200200,,hair/f2/f2_bot/f2_c10_bot.png,hair/f2/f2_top/f2_c10_top.png
23170100,part_hair_f3_c1,Hair,17,1,90200200,,hair/f3/f3_bot/f3_c1_bot.png,hair/f3/f3_top/f3_c1_top.png
23170200,part_hair_f3_c2,Hair,17,2,90200200,,hair/f3/f3_bot/f3_c2_bot.png,hair/f3/f3_top/f3_c2_top.png
23170300,part_hair_f3_c3,Hair,17,3,90200200,,hair/f3/f3_bot/f3_c3_bot.png,hair/f3/f3_top/f3_c3_top.png
23170400,part_hair_f3_c4,Hair,17,4,90200200,,hair/f3/f3_bot/f3_c4_bot.png,hair/f3/f3_top/f3_c4_top.png
23170500,part_hair_f3_c5,Hair,17,5,90200200,,hair/f3/f3_bot/f3_c5_bot.png,hair/f3/f3_top/f3_c5_top.png
23170600,part_hair_f3_c6,Hair,17,6,90200200,,hair/f3/f3_bot/f3_c6_bot.png,hair/f3/f3_top/f3_c6_top.png
23170700,part_hair_f3_c7,Hair,17,7,90200200,,hair/f3/f3_bot/f3_c7_bot.png,hair/f3/f3_top/f3_c7_top.png
23170800,part_hair_f3_c8,Hair,17,8,90200200,,hair/f3/f3_bot/f3_c8_bot.png,hair/f3/f3_top/f3_c8_top.png
23170900,part_hair_f3_c9,Hair,17,9,90200200,,hair/f3/f3_bot/f3_c9_bot.png,hair/f3/f3_top/f3_c9_top.png
23171000,part_hair_f3_c10,Hair,17,10,90200200,,hair/f3/f3_bot/f3_c10_bot.png,hair/f3/f3_top/f3_c10_top.png
23180100,part_hair_f4_c1,Hair,18,1,90200200,,hair/f4/f4_bot/f4_c1_bot.png,hair/f4/f4_top/f4_c1_top.png
23180200,part_hair_f4_c2,Hair,18,2,90200200,,hair/f4/f4_bot/f4_c2_bot.png,hair/f4/f4_top/f4_c2_top.png
23180300,part_hair_f4_c3,Hair,18,3,90200200,,hair/f4/f4_bot/f4_c3_bot.png,hair/f4/f4_top/f4_c3_top.png
23180400,part_hair_f4_c4,Hair,18,4,90200200,,hair/f4/f4_bot/f4_c4_bot.png,hair/f4/f4_top/f4_c4_top.png
23180500,part_hair_f4_c5,Hair,18,5,90200200,,hair/f4/f4_bot/f4_c5_bot.png,hair/f4/f4_top/f4_c5_top.png
23180600,part_hair_f4_c6,Hair,18,6,90200200,,hair/f4/f4_bot/f4_c6_bot.png,hair/f4/f4_top/f4_c6_top.png
23180700,part_hair_f4_c7,Hair,18,7,90200200,,hair/f4/f4_bot/f4_c7_bot.png,hair/f4/f4_top/f4_c7_top.png
23180800,part_hair_f4_c8,Hair,18,8,90200200,,hair/f4/f4_bot/f4_c8_bot.png,hair/f4/f4_top/f4_c8_top.png
23180900,part_hair_f4_c9,Hair,18,9,90200200,,hair/f4/f4_bot/f4_c9_bot.png,hair/f4/f4_top/f4_c9_top.png
23181000,part_hair_f4_c10,Hair,18,10,90200200,,hair/f4/f4_bot/f4_c10_bot.png,hair/f4/f4_top/f4_c10_top.png
23190100,part_hair_f5_c1,Hair,19,1,90200200,,hair/f5/f5_bot/f5_c1_bot.png,hair/f5/f5_top/f5_c1_top.png
23190200,part_hair_f5_c2,Hair,19,2,90200200,,hair/f5/f5_bot/f5_c2_bot.png,hair/f5/f5_top/f5_c2_top.png
23190300,part_hair_f5_c3,Hair,19,3,90200200,,hair/f5/f5_bot/f5_c3_bot.png,hair/f5/f5_top/f5_c3_top.png
23190400,part_hair_f5_c4,Hair,19,4,90200200,,hair/f5/f5_bot/f5_c4_bot.png,hair/f5/f5_top/f5_c4_top.png
23190500,part_hair_f5_c5,Hair,19,5,90200200,,hair/f5/f5_bot/f5_c5_bot.png,hair/f5/f5_top/f5_c5_top.png
23190600,part_hair_f5_c6,Hair,19,6,90200200,,hair/f5/f5_bot/f5_c6_bot.png,hair/f5/f5_top/f5_c6_top.png
23190700,part_hair_f5_c7,Hair,19,7,90200200,,hair/f5/f5_bot/f5_c7_bot.png,hair/f5/f5_top/f5_c7_top.png
23190800,part_hair_f5_c8,Hair,19,8,90200200,,hair/f5/f5_bot/f5_c8_bot.png,hair/f5/f5_top/f5_c8_top.png
23190900,part_hair_f5_c9,Hair,19,9,90200200,,hair/f5/f5_bot/f5_c9_bot.png,hair/f5/f5_top/f5_c9_top.png
23191000,part_hair_f5_c10,Hair,19,10,90200200,,hair/f5/f5_bot/f5_c10_bot.png,hair/f5/f5_top/f5_c10_top.png
23200100,part_hair_f6_c1,Hair,20,1,90200200,,hair/f6/f6_bot/f6_c1_bot.png,hair/f6/f6_top/f6_c1_top.png
23200200,part_hair_f6_c2,Hair,20,2,90200200,,hair/f6/f6_bot/f6_c2_bot.png,hair/f6/f6_top/f6_c2_top.png
23200300,part_hair_f6_c3,Hair,20,3,90200200,,hair/f6/f6_bot/f6_c3_bot.png,hair/f6/f6_top/f6_c3_top.png
23200400,part_hair_f6_c4,Hair,20,4,90200200,,hair/f6/f6_bot/f6_c4_bot.png,hair/f6/f6_top/f6_c4_top.png
23200500,part_hair_f6_c5,Hair,20,5,90200200,,hair/f6/f6_bot/f6_c5_bot.png,hair/f6/f6_top/f6_c5_top.png
23200600,part_hair_f6_c6,Hair,20,6,90200200,,hair/f6/f6_bot/f6_c6_bot.png,hair/f6/f6_top/f6_c6_top.png
23200700,part_hair_f6_c7,Hair,20,7,90200200,,hair/f6/f6_bot/f6_c7_bot.png,hair/f6/f6_top/f6_c7_top.png
23200800,part_hair_f6_c8,Hair,20,8,90200200,,hair/f6/f6_bot/f6_c8_bot.png,hair/f6/f6_top/f6_c8_top.png
23200900,part_hair_f6_c9,Hair,20,9,90200200,,hair/f6/f6_bot/f6_c9_bot.png,hair/f6/f6_top/f6_c9_top.png
23201000,part_hair_f6_c10,Hair,20,10,90200200,,hair/f6/f6_bot/f6_c10_bot.png,hair/f6/f6_top/f6_c10_top.png
23210100,part_hair_f7_c1,Hair,21,1,90200200,,hair/f7/f7_bot/f7_c1_bot.png,hair/f7/f7_top/f7_c1_top.png
23210200,part_hair_f7_c2,Hair,21,2,90200200,,hair/f7/f7_bot/f7_c2_bot.png,hair/f7/f7_top/f7_c2_top.png
23210300,part_hair_f7_c3,Hair,21,3,90200200,,hair/f7/f7_bot/f7_c3_bot.png,hair/f7/f7_top/f7_c3_top.png
23210400,part_hair_f7_c4,Hair,21,4,90200200,,hair/f7/f7_bot/f7_c4_bot.png,hair/f7/f7_top/f7_c4_top.png
23210500,part_hair_f7_c5,Hair,21,5,90200200,,hair/f7/f7_bot/f7_c5_bot.png,hair/f7/f7_top/f7_c5_top.png
23210600,part_hair_f7_c6,Hair,21,6,90200200,,hair/f7/f7_bot/f7_c6_bot.png,hair/f7/f7_top/f7_c6_top.png
23210700,part_hair_f7_c7,Hair,21,7,90200200,,hair/f7/f7_bot/f7_c7_bot.png,hair/f7/f7_top/f7_c7_top.png
23210800,part_hair_f7_c8,Hair,21,8,90200200,,hair/f7/f7_bot/f7_c8_bot.png,hair/f7/f7_top/f7_c8_top.png
23210900,part_hair_f7_c9,Hair,21,9,90200200,,hair/f7/f7_bot/f7_c9_bot.png,hair/f7/f7_top/f7_c9_top.png
23211000,part_hair_f7_c10,Hair,21,10,90200200,,hair/f7/f7_bot/f7_c10_bot.png,hair/f7/f7_top/f7_c10_top.png
23220100,part_hair_f8_c1,Hair,22,1,90200200,,hair/f8/f8_bot/f8_c1_bot.png,hair/f8/f8_top/f8_c1_top.png
23220200,part_hair_f8_c2,Hair,22,2,90200200,,hair/f8/f8_bot/f8_c2_bot.png,hair/f8/f8_top/f8_c2_top.png
23220300,part_hair_f8_c3,Hair,22,3,90200200,,hair/f8/f8_bot/f8_c3_bot.png,hair/f8/f8_top/f8_c3_top.png
23220400,part_hair_f8_c4,Hair,22,4,90200200,,hair/f8/f8_bot/f8_c4_bot.png,hair/f8/f8_top/f8_c4_top.png
23220500,part_hair_f8_c5,Hair,22,5,90200200,,hair/f8/f8_bot/f8_c5_bot.png,hair/f8/f8_top/f8_c5_top.png
23220600,part_hair_f8_c6,Hair,22,6,90200200,,hair/f8/f8_bot/f8_c6_bot.png,hair/f8/f8_top/f8_c6_top.png
23220700,part_hair_f8_c7,Hair,22,7,90200200,,hair/f8/f8_bot/f8_c7_bot.png,hair/f8/f8_top/f8_c7_top.png
23220800,part_hair_f8_c8,Hair,22,8,90200200,,hair/f8/f8_bot/f8_c8_bot.png,hair/f8/f8_top/f8_c8_top.png
23220900,part_hair_f8_c9,Hair,22,9,90200200,,hair/f8/f8_bot/f8_c9_bot.png,hair/f8/f8_top/f8_c9_top.png
23221000,part_hair_f8_c10,Hair,22,10,90200200,,hair/f8/f8_bot/f8_c10_bot.png,hair/f8/f8_top/f8_c10_top.png
23230100,part_hair_f9_c1,Hair,23,1,90200200,,hair/f9/f9_bot/f9_c1_bot.png,hair/f9/f9_top/f9_c1_top.png
23230200,part_hair_f9_c2,Hair,23,2,90200200,,hair/f9/f9_bot/f9_c2_bot.png,hair/f9/f9_top/f9_c2_top.png
23230300,part_hair_f9_c3,Hair,23,3,90200200,,hair/f9/f9_bot/f9_c3_bot.png,hair/f9/f9_top/f9_c3_top.png
23230400,part_hair_f9_c4,Hair,23,4,90200200,,hair/f9/f9_bot/f9_c4_bot.png,hair/f9/f9_top/f9_c4_top.png
23230500,part_hair_f9_c5,Hair,23,5,90200200,,hair/f9/f9_bot/f9_c5_bot.png,hair/f9/f9_top/f9_c5_top.png
23230600,part_hair_f9_c6,Hair,23,6,90200200,,hair/f9/f9_bot/f9_c6_bot.png,hair/f9/f9_top/f9_c6_top.png
23230700,part_hair_f9_c7,Hair,23,7,90200200,,hair/f9/f9_bot/f9_c7_bot.png,hair/f9/f9_top/f9_c7_top.png
23230800,part_hair_f9_c8,Hair,23,8,90200200,,hair/f9/f9_bot/f9_c8_bot.png,hair/f9/f9_top/f9_c8_top.png
23230900,part_hair_f9_c9,Hair,23,9,90200200,,hair/f9/f9_bot/f9_c9_bot.png,hair/f9/f9_top/f9_c9_top.png
23231000,part_hair_f9_c10,Hair,23,10,90200200,,hair/f9/f9_bot/f9_c10_bot.png,hair/f9/f9_top/f9_c10_top.png
24010100,part_cloth_s1_c1,Cloth,1,1,,,cloth/cloth1/cloth1_bot/cloth1_c1_bot.png,
24010200,part_cloth_s1_c2,Cloth,1,2,,,cloth/cloth1/cloth1_bot/cloth1_c2_bot.png,
24010300,part_cloth_s1_c3,Cloth,1,3,,,cloth/cloth1/cloth1_bot/cloth1_c3_bot.png,
24010400,part_cloth_s1_c4,Cloth,1,4,,,cloth/cloth1/cloth1_bot/cloth1_c4_bot.png,
24010500,part_cloth_s1_c5,Cloth,1,5,,,cloth/cloth1/cloth1_bot/cloth1_c5_bot.png,
24010600,part_cloth_s1_c6,Cloth,1,6,,,cloth/cloth1/cloth1_bot/cloth1_c6_bot.png,
24010700,part_cloth_s1_c7,Cloth,1,7,,,cloth/cloth1/cloth1_bot/cloth1_c7_bot.png,
24010800,part_cloth_s1_c8,Cloth,1,8,,,cloth/cloth1/cloth1_bot/cloth1_c8_bot.png,
24020100,part_cloth_s2_c1,Cloth,2,1,,,cloth/cloth2/cloth2_bot/cloth2_c1_bot.png,
24020200,part_cloth_s2_c2,Cloth,2,2,,,cloth/cloth2/cloth2_bot/cloth2_c2_bot.png,
24020300,part_cloth_s2_c3,Cloth,2,3,,,cloth/cloth2/cloth2_bot/cloth2_c3_bot.png,
24020400,part_cloth_s2_c4,Cloth,2,4,,,cloth/cloth2/cloth2_bot/cloth2_c4_bot.png,
24020500,part_cloth_s2_c5,Cloth,2,5,,,cloth/cloth2/cloth2_bot/cloth2_c5_bot.png,
24020600,part_cloth_s2_c6,Cloth,2,6,,,cloth/cloth2/cloth2_bot/cloth2_c6_bot.png,
24020700,part_cloth_s2_c7,Cloth,2,7,,,cloth/cloth2/cloth2_bot/cloth2_c7_bot.png,
24020800,part_cloth_s2_c8,Cloth,2,8,,,cloth/cloth2/cloth2_bot/cloth2_c8_bot.png,
24030100,part_cloth_s3_c1,Cloth,3,1,,,cloth/cloth3/cloth3_bot/cloth3_c1_bot.png,
24030200,part_cloth_s3_c2,Cloth,3,2,,,cloth/cloth3/cloth3_bot/cloth3_c2_bot.png,
24030300,part_cloth_s3_c3,Cloth,3,3,,,cloth/cloth3/cloth3_bot/cloth3_c3_bot.png,
24030400,part_cloth_s3_c4,Cloth,3,4,,,cloth/cloth3/cloth3_bot/cloth3_c4_bot.png,
24030500,part_cloth_s3_c5,Cloth,3,5,,,cloth/cloth3/cloth3_bot/cloth3_c5_bot.png,
24030600,part_cloth_s3_c6,Cloth,3,6,,,cloth/cloth3/cloth3_bot/cloth3_c6_bot.png,
24030700,part_cloth_s3_c7,Cloth,3,7,,,cloth/cloth3/cloth3_bot/cloth3_c7_bot.png,
24030800,part_cloth_s3_c8,Cloth,3,8,,,cloth/cloth3/cloth3_bot/cloth3_c8_bot.png,
24040100,part_cloth_s4_c1,Cloth,4,1,,,cloth/cloth4/cloth4_bot/cloth4_c1_bot.png,
24040200,part_cloth_s4_c2,Cloth,4,2,,,cloth/cloth4/cloth4_bot/cloth4_c2_bot.png,
24040300,part_cloth_s4_c3,Cloth,4,3,,,cloth/cloth4/cloth4_bot/cloth4_c3_bot.png,
24040400,part_cloth_s4_c4,Cloth,4,4,,,cloth/cloth4/cloth4_bot/cloth4_c4_bot.png,
24040500,part_cloth_s4_c5,Cloth,4,5,,,cloth/cloth4/cloth4_bot/cloth4_c5_bot.png,
24040600,part_cloth_s4_c6,Cloth,4,6,,,cloth/cloth4/cloth4_bot/cloth4_c6_bot.png,
24040700,part_cloth_s4_c7,Cloth,4,7,,,cloth/cloth4/cloth4_bot/cloth4_c7_bot.png,
24040800,part_cloth_s4_c8,Cloth,4,8,,,cloth/cloth4/cloth4_bot/cloth4_c8_bot.png,
24050100,part_cloth_s5_c1,Cloth,5,1,,,cloth/cloth5/cloth5_bot/cloth5_c1_bot.png,
24050200,part_cloth_s5_c2,Cloth,5,2,,,cloth/cloth5/cloth5_bot/cloth5_c2_bot.png,
24050300,part_cloth_s5_c3,Cloth,5,3,,,cloth/cloth5/cloth5_bot/cloth5_c3_bot.png,
24050400,part_cloth_s5_c4,Cloth,5,4,,,cloth/cloth5/cloth5_bot/cloth5_c4_bot.png,
24050500,part_cloth_s5_c5,Cloth,5,5,,,cloth/cloth5/cloth5_bot/cloth5_c5_bot.png,
24050600,part_cloth_s5_c6,Cloth,5,6,,,cloth/cloth5/cloth5_bot/cloth5_c6_bot.png,
24050700,part_cloth_s5_c7,Cloth,5,7,,,cloth/cloth5/cloth5_bot/cloth5_c7_bot.png,
24050800,part_cloth_s5_c8,Cloth,5,8,,,cloth/cloth5/cloth5_bot/cloth5_c8_bot.png,
24060100,part_cloth_s6_c1,Cloth,6,1,,,cloth/cloth6/cloth6_bot/cloth6_c1_bot.png,
24060200,part_cloth_s6_c2,Cloth,6,2,,,cloth/cloth6/cloth6_bot/cloth6_c2_bot.png,
24060300,part_cloth_s6_c3,Cloth,6,3,,,cloth/cloth6/cloth6_bot/cloth6_c3_bot.png,
24060400,part_cloth_s6_c4,Cloth,6,4,,,cloth/cloth6/cloth6_bot/cloth6_c4_bot.png,
24060500,part_cloth_s6_c5,Cloth,6,5,,,cloth/cloth6/cloth6_bot/cloth6_c5_bot.png,
24060600,part_cloth_s6_c6,Cloth,6,6,,,cloth/cloth6/cloth6_bot/cloth6_c6_bot.png,
24060700,part_cloth_s6_c7,Cloth,6,7,,,cloth/cloth6/cloth6_bot/cloth6_c7_bot.png,
24060800,part_cloth_s6_c8,Cloth,6,8,,,cloth/cloth6/cloth6_bot/cloth6_c8_bot.png,
24070100,part_cloth_s7_c1,Cloth,7,1,,,cloth/cloth7/cloth7_bot/cloth7_c1_bot.png,cloth/cloth7/cloth7_top/cloth7_c1_top.png
24070200,part_cloth_s7_c2,Cloth,7,2,,,cloth/cloth7/cloth7_bot/cloth7_c2_bot.png,cloth/cloth7/cloth7_top/cloth7_c2_top.png
24070300,part_cloth_s7_c3,Cloth,7,3,,,cloth/cloth7/cloth7_bot/cloth7_c3_bot.png,cloth/cloth7/cloth7_top/cloth7_c3_top.png
24070400,part_cloth_s7_c4,Cloth,7,4,,,cloth/cloth7/cloth7_bot/cloth7_c4_bot.png,cloth/cloth7/cloth7_top/cloth7_c4_top.png
24070500,part_cloth_s7_c5,Cloth,7,5,,,cloth/cloth7/cloth7_bot/cloth7_c5_bot.png,cloth/cloth7/cloth7_top/cloth7_c5_top.png
24070600,part_cloth_s7_c6,Cloth,7,6,,,cloth/cloth7/cloth7_bot/cloth7_c6_bot.png,cloth/cloth7/cloth7_top/cloth7_c6_top.png
24070700,part_cloth_s7_c7,Cloth,7,7,,,cloth/cloth7/cloth7_bot/cloth7_c7_bot.png,cloth/cloth7/cloth7_top/cloth7_c7_top.png
24070800,part_cloth_s7_c8,Cloth,7,8,,,cloth/cloth7/cloth7_bot/cloth7_c8_bot.png,cloth/cloth7/cloth7_top/cloth7_c8_top.png
24080100,part_cloth_s8_c1,Cloth,8,1,,,cloth/cloth8/cloth8_bot/cloth8_c1_bot.png,cloth/cloth8/cloth8_top/cloth8_c1_top.png
24080200,part_cloth_s8_c2,Cloth,8,2,,,cloth/cloth8/cloth8_bot/cloth8_c2_bot.png,cloth/cloth8/cloth8_top/cloth8_c2_top.png
24080300,part_cloth_s8_c3,Cloth,8,3,,,cloth/cloth8/cloth8_bot/cloth8_c3_bot.png,cloth/cloth8/cloth8_top/cloth8_c3_top.png
24080400,part_cloth_s8_c4,Cloth,8,4,,,cloth/cloth8/cloth8_bot/cloth8_c4_bot.png,cloth/cloth8/cloth8_top/cloth8_c4_top.png
24080500,part_cloth_s8_c5,Cloth,8,5,,,cloth/cloth8/cloth8_bot/cloth8_c5_bot.png,cloth/cloth8/cloth8_top/cloth8_c5_top.png
24080600,part_cloth_s8_c6,Cloth,8,6,,,cloth/cloth8/cloth8_bot/cloth8_c6_bot.png,cloth/cloth8/cloth8_top/cloth8_c6_top.png
24080700,part_cloth_s8_c7,Cloth,8,7,,,cloth/cloth8/cloth8_bot/cloth8_c7_bot.png,cloth/cloth8/cloth8_top/cloth8_c7_top.png
24080800,part_cloth_s8_c8,Cloth,8,8,,,cloth/cloth8/cloth8_bot/cloth8_c8_bot.png,cloth/cloth8/cloth8_top/cloth8_c8_top.png
24090100,part_cloth_s9_c1,Cloth,9,1,,,cloth/cloth9/cloth9_bot/cloth9_c1_bot.png,
24090200,part_cloth_s9_c2,Cloth,9,2,,,cloth/cloth9/cloth9_bot/cloth9_c2_bot.png,
24090300,part_cloth_s9_c3,Cloth,9,3,,,cloth/cloth9/cloth9_bot/cloth9_c3_bot.png,
24090400,part_cloth_s9_c4,Cloth,9,4,,,cloth/cloth9/cloth9_bot/cloth9_c4_bot.png,
24090500,part_cloth_s9_c5,Cloth,9,5,,,cloth/cloth9/cloth9_bot/cloth9_c5_bot.png,
24090600,part_cloth_s9_c6,Cloth,9,6,,,cloth/cloth9/cloth9_bot/cloth9_c6_bot.png,
24090700,part_cloth_s9_c7,Cloth,9,7,,,cloth/cloth9/cloth9_bot/cloth9_c7_bot.png,
24090800,part_cloth_s9_c8,Cloth,9,8,,,cloth/cloth9/cloth9_bot/cloth9_c8_bot.png,
24100100,part_cloth_s10_c1,Cloth,10,1,,,cloth/cloth10/cloth10_bot/cloth10_c1_bot.png,
24100200,part_cloth_s10_c2,Cloth,10,2,,,cloth/cloth10/cloth10_bot/cloth10_c2_bot.png,
24100300,part_cloth_s10_c3,Cloth,10,3,,,cloth/cloth10/cloth10_bot/cloth10_c3_bot.png,
24100400,part_cloth_s10_c4,Cloth,10,4,,,cloth/cloth10/cloth10_bot/cloth10_c4_bot.png,
24100500,part_cloth_s10_c5,Cloth,10,5,,,cloth/cloth10/cloth10_bot/cloth10_c5_bot.png,
24100600,part_cloth_s10_c6,Cloth,10,6,,,cloth/cloth10/cloth10_bot/cloth10_c6_bot.png,
24100700,part_cloth_s10_c7,Cloth,10,7,,,cloth/cloth10/cloth10_bot/cloth10_c7_bot.png,
24100800,part_cloth_s10_c8,Cloth,10,8,,,cloth/cloth10/cloth10_bot/cloth10_c8_bot.png,
24110100,part_cloth_s11_c1,Cloth,11,1,,,cloth/cloth11/cloth11_bot/cloth11_c1_bot.png,
24110200,part_cloth_s11_c2,Cloth,11,2,,,cloth/cloth11/cloth11_bot/cloth11_c2_bot.png,
24110300,part_cloth_s11_c3,Cloth,11,3,,,cloth/cloth11/cloth11_bot/cloth11_c3_bot.png,
24110400,part_cloth_s11_c4,Cloth,11,4,,,cloth/cloth11/cloth11_bot/cloth11_c4_bot.png,
24110500,part_cloth_s11_c5,Cloth,11,5,,,cloth/cloth11/cloth11_bot/cloth11_c5_bot.png,
24110600,part_cloth_s11_c6,Cloth,11,6,,,cloth/cloth11/cloth11_bot/cloth11_c6_bot.png,
24110700,part_cloth_s11_c7,Cloth,11,7,,,cloth/cloth11/cloth11_bot/cloth11_c7_bot.png,
24110800,part_cloth_s11_c8,Cloth,11,8,,,cloth/cloth11/cloth11_bot/cloth11_c8_bot.png,
24120100,part_cloth_s12_c1,Cloth,12,1,,,cloth/cloth12/cloth12_bot/cloth12_c1_bot.png,cloth/cloth12/cloth12_top/cloth12_c1_top.png
24120200,part_cloth_s12_c2,Cloth,12,2,,,cloth/cloth12/cloth12_bot/cloth12_c2_bot.png,cloth/cloth12/cloth12_top/cloth12_c2_top.png
24120300,part_cloth_s12_c3,Cloth,12,3,,,cloth/cloth12/cloth12_bot/cloth12_c3_bot.png,cloth/cloth12/cloth12_top/cloth12_c3_top.png
24120400,part_cloth_s12_c4,Cloth,12,4,,,cloth/cloth12/cloth12_bot/cloth12_c4_bot.png,cloth/cloth12/cloth12_top/cloth12_c4_top.png
24120500,part_cloth_s12_c5,Cloth,12,5,,,cloth/cloth12/cloth12_bot/cloth12_c5_bot.png,cloth/cloth12/cloth12_top/cloth12_c5_top.png
24120600,part_cloth_s12_c6,Cloth,12,6,,,cloth/cloth12/cloth12_bot/cloth12_c6_bot.png,cloth/cloth12/cloth12_top/cloth12_c6_top.png
24120700,part_cloth_s12_c7,Cloth,12,7,,,cloth/cloth12/cloth12_bot/cloth12_c7_bot.png,cloth/cloth12/cloth12_top/cloth12_c7_top.png
24120800,part_cloth_s12_c8,Cloth,12,8,,,cloth/cloth12/cloth12_bot/cloth12_c8_bot.png,cloth/cloth12/cloth12_top/cloth12_c8_top.png
24130100,part_cloth_s13_c1,Cloth,13,1,,,cloth/cloth13/cloth13_bot/cloth13_c1_bot.png,cloth/cloth13/cloth13_top/cloth13_c1_top.png
24130200,part_cloth_s13_c2,Cloth,13,2,,,cloth/cloth13/cloth13_bot/cloth13_c2_bot.png,cloth/cloth13/cloth13_top/cloth13_c2_top.png
24130300,part_cloth_s13_c3,Cloth,13,3,,,cloth/cloth13/cloth13_bot/cloth13_c3_bot.png,cloth/cloth13/cloth13_top/cloth13_c3_top.png
24130400,part_cloth_s13_c4,Cloth,13,4,,,cloth/cloth13/cloth13_bot/cloth13_c4_bot.png,cloth/cloth13/cloth13_top/cloth13_c4_top.png
24130500,part_cloth_s13_c5,Cloth,13,5,,,cloth/cloth13/cloth13_bot/cloth13_c5_bot.png,cloth/cloth13/cloth13_top/cloth13_c5_top.png
24130600,part_cloth_s13_c6,Cloth,13,6,,,cloth/cloth13/cloth13_bot/cloth13_c6_bot.png,cloth/cloth13/cloth13_top/cloth13_c6_top.png
24130700,part_cloth_s13_c7,Cloth,13,7,,,cloth/cloth13/cloth13_bot/cloth13_c7_bot.png,cloth/cloth13/cloth13_top/cloth13_c7_top.png
24130800,part_cloth_s13_c8,Cloth,13,8,,,cloth/cloth13/cloth13_bot/cloth13_c8_bot.png,cloth/cloth13/cloth13_top/cloth13_c8_top.png
24140100,part_cloth_s14_c1,Cloth,14,1,,,cloth/cloth14/cloth14_bot/cloth14_c1_bot.png,cloth/cloth14/cloth14_top/cloth14_c1_top.png
24140200,part_cloth_s14_c2,Cloth,14,2,,,cloth/cloth14/cloth14_bot/cloth14_c2_bot.png,cloth/cloth14/cloth14_top/cloth14_c2_top.png
24140300,part_cloth_s14_c3,Cloth,14,3,,,cloth/cloth14/cloth14_bot/cloth14_c3_bot.png,cloth/cloth14/cloth14_top/cloth14_c3_top.png
24140400,part_cloth_s14_c4,Cloth,14,4,,,cloth/cloth14/cloth14_bot/cloth14_c4_bot.png,cloth/cloth14/cloth14_top/cloth14_c4_top.png
24140500,part_cloth_s14_c5,Cloth,14,5,,,cloth/cloth14/cloth14_bot/cloth14_c5_bot.png,cloth/cloth14/cloth14_top/cloth14_c5_top.png
24140600,part_cloth_s14_c6,Cloth,14,6,,,cloth/cloth14/cloth14_bot/cloth14_c6_bot.png,cloth/cloth14/cloth14_top/cloth14_c6_top.png
24140700,part_cloth_s14_c7,Cloth,14,7,,,cloth/cloth14/cloth14_bot/cloth14_c7_bot.png,cloth/cloth14/cloth14_top/cloth14_c7_top.png
24140800,part_cloth_s14_c8,Cloth,14,8,,,cloth/cloth14/cloth14_bot/cloth14_c8_bot.png,cloth/cloth14/cloth14_top/cloth14_c8_top.png
24150100,part_cloth_s15_c1,Cloth,15,1,,,cloth/cloth15/cloth15_bot/cloth15_c1_bot.png,cloth/cloth15/cloth15_top/cloth15_c1_top.png
24150200,part_cloth_s15_c2,Cloth,15,2,,,cloth/cloth15/cloth15_bot/cloth15_c2_bot.png,cloth/cloth15/cloth15_top/cloth15_c2_top.png
24150300,part_cloth_s15_c3,Cloth,15,3,,,cloth/cloth15/cloth15_bot/cloth15_c3_bot.png,cloth/cloth15/cloth15_top/cloth15_c3_top.png
24150400,part_cloth_s15_c4,Cloth,15,4,,,cloth/cloth15/cloth15_bot/cloth15_c4_bot.png,cloth/cloth15/cloth15_top/cloth15_c4_top.png
24150500,part_cloth_s15_c5,Cloth,15,5,,,cloth/cloth15/cloth15_bot/cloth15_c5_bot.png,cloth/cloth15/cloth15_top/cloth15_c5_top.png
24150600,part_cloth_s15_c6,Cloth,15,6,,,cloth/cloth15/cloth15_bot/cloth15_c6_bot.png,cloth/cloth15/cloth15_top/cloth15_c6_top.png
24150700,part_cloth_s15_c7,Cloth,15,7,,,cloth/cloth15/cloth15_bot/cloth15_c7_bot.png,cloth/cloth15/cloth15_top/cloth15_c7_top.png
24150800,part_cloth_s15_c8,Cloth,15,8,,,cloth/cloth15/cloth15_bot/cloth15_c8_bot.png,cloth/cloth15/cloth15_top/cloth15_c8_top.png
24160100,part_cloth_s16_c1,Cloth,16,1,,,cloth/cloth16/cloth16_bot/cloth16_c1_bot.png,
24160200,part_cloth_s16_c2,Cloth,16,2,,,cloth/cloth16/cloth16_bot/cloth16_c2_bot.png,
24160300,part_cloth_s16_c3,Cloth,16,3,,,cloth/cloth16/cloth16_bot/cloth16_c3_bot.png,
24160400,part_cloth_s16_c4,Cloth,16,4,,,cloth/cloth16/cloth16_bot/cloth16_c4_bot.png,
24160500,part_cloth_s16_c5,Cloth,16,5,,,cloth/cloth16/cloth16_bot/cloth16_c5_bot.png,
24160600,part_cloth_s16_c6,Cloth,16,6,,,cloth/cloth16/cloth16_bot/cloth16_c6_bot.png,
24160700,part_cloth_s16_c7,Cloth,16,7,,,cloth/cloth16/cloth16_bot/cloth16_c7_bot.png,
24160800,part_cloth_s16_c8,Cloth,16,8,,,cloth/cloth16/cloth16_bot/cloth16_c8_bot.png,
24170100,part_cloth_s17_c1,Cloth,17,1,,,cloth/cloth17/cloth17_bot/cloth17_c1_bot.png,
24170200,part_cloth_s17_c2,Cloth,17,2,,,cloth/cloth17/cloth17_bot/cloth17_c2_bot.png,
24170300,part_cloth_s17_c3,Cloth,17,3,,,cloth/cloth17/cloth17_bot/cloth17_c3_bot.png,
24170400,part_cloth_s17_c4,Cloth,17,4,,,cloth/cloth17/cloth17_bot/cloth17_c4_bot.png,
24170500,part_cloth_s17_c5,Cloth,17,5,,,cloth/cloth17/cloth17_bot/cloth17_c5_bot.png,
24170600,part_cloth_s17_c6,Cloth,17,6,,,cloth/cloth17/cloth17_bot/cloth17_c6_bot.png,
24170700,part_cloth_s17_c7,Cloth,17,7,,,cloth/cloth17/cloth17_bot/cloth17_c7_bot.png,
24170800,part_cloth_s17_c8,Cloth,17,8,,,cloth/cloth17/cloth17_bot/cloth17_c8_bot.png,
25010000,part_weapon_w1,Weapon,1,0,,,weapon/weapon1/weapon1_bot/weapon1_bot.png,weapon/weapon1/weapon1_top/weapon1_top.png
25020000,part_weapon_w2,Weapon,2,0,,,weapon/weapon2/weapon2_bot/weapon2_bot.png,weapon/weapon2/weapon2_top/weapon2_top.png
25030000,part_weapon_w3,Weapon,3,0,,,weapon/weapon3/weapon3_bot/weapon3_bot.png,weapon/weapon3/weapon3_top/weapon3_top.png
25040000,part_weapon_spear,Weapon,4,0,,,weapon/weapon4/weapon4_bot/weapon4_bot.png,weapon/weapon4/weapon4_top/weapon4_top.png
25050100,part_weapon_wand_c1,Weapon,5,1,,,weapon/weapon5/weapon5_bot/weapon5_c1_bot.png,weapon/weapon5/weapon5_top/weapon5_c1_top.png
25050200,part_weapon_wand_c2,Weapon,5,2,,,weapon/weapon5/weapon5_bot/weapon5_c2_bot.png,weapon/weapon5/weapon5_top/weapon5_c2_top.png
25050300,part_weapon_wand_c3,Weapon,5,3,,,weapon/weapon5/weapon5_bot/weapon5_c3_bot.png,weapon/weapon5/weapon5_top/weapon5_c3_top.png
25050400,part_weapon_wand_c4,Weapon,5,4,,,weapon/weapon5/weapon5_bot/weapon5_c4_bot.png,weapon/weapon5/weapon5_top/weapon5_c4_top.png
